"order_id","product_name"
10248,"Mozzarella di Giovanni"
10498,"Guaraná Fantástica"
10498,"Boston Crab Meat"
10498,"Singaporean Hokkien Fried Mee"
10499,"Rössle Sauerkraut"
10499,"Maxilaku"
10500,"Rössle Sauerkraut"
10501,"Tourtière"
10502,"Rogede sild"
10502,"Perth Pasties"
10502,"Laughing Lumberjack Lager"
10503,"Tofu"
10503,"Louisiana Fiery Hot Pepper Sauce"
10504,"Chang"
10504,"Sir Rodney's Scones"
10504,"Perth Pasties"
10504,"Sirop d'érable"
10505,"Tarte au sucre"
10506,"NuNuCa Nuß-Nougat-Creme"
10506,"Outback Lager"
10507,"Ipoh Coffee"
10507,"Chocolade"
10508,"Konbu"
10508,"Chartreuse verte"
10509,"Rössle Sauerkraut"
10510,"Thüringer Rostbratwurst"
10510,"Rhönbräu Klosterbier"
10511,"Chef Anton's Cajun Seasoning"
10511,"Uncle Bob's Organic Dried Pears"
10511,"Northwoods Cranberry Sauce"
10512,"Guaraná Fantástica"
10512,"Spegesild"
10512,"Zaanse koeken"
10512,"Camembert Pierrot"
10513,"Sir Rodney's Scones"
10513,"Mascarpone Fabioli"
10513,"Sirop d'érable"
10514,"Sir Rodney's Marmalade"
10514,"Rössle Sauerkraut"
10514,"Gnocchi di nonna Alice"
10514,"Louisiana Fiery Hot Pepper Sauce"
10514,"Rhönbräu Klosterbier"
10515,"Mishi Kobe Niku"
10515,"Pavlova"
10515,"Schoggi Schokolade"
10515,"Geitost"
10515,"Camembert Pierrot"
10516,"Carnarvon Tigers"
10516,"Jack's New England Clam Chowder"
10516,"Singaporean Hokkien Fried Mee"
10517,"Filo Mix"
10517,"Raclette Courdavault"
10517,"Outback Lager"
10518,"Guaraná Fantástica"
10518,"Côte de Blaye"
10518,"Gula Malacca"
10519,"Ikura"
10519,"Gnocchi di nonna Alice"
10519,"Camembert Pierrot"
10520,"Guaraná Fantástica"
10520,"Perth Pasties"
10521,"Steeleye Stout"
10521,"Jack's New England Clam Chowder"
10521,"Scottish Longbreads"
10522,"Chai"
10522,"Northwoods Cranberry Sauce"
10522,"Nord-Ost Matjeshering"
10522,"Boston Crab Meat"
10523,"Alice Mutton"
10523,"Sir Rodney's Marmalade"
10523,"Gravad lax"
10523,"Jack's New England Clam Chowder"
10524,"Ikura"
10524,"Nord-Ost Matjeshering"
10524,"Ipoh Coffee"
10524,"Tourtière"
10525,"Inlagd Sill"
10525,"Boston Crab Meat"
10526,"Chai"
10526,"Konbu"
10526,"Gnocchi di nonna Alice"
10527,"Chef Anton's Cajun Seasoning"
10527,"Inlagd Sill"
10528,"Queso Cabrales"
10528,"Geitost"
10528,"Mozzarella di Giovanni"
10529,"Pâté chinois"
10529,"Scottish Longbreads"
10529,"Gudbrandsdalsost"
10530,"Alice Mutton"
10530,"Ipoh Coffee"
10530,"Sirop d'érable"
10530,"Lakkalikööri"
10531,"Raclette Courdavault"
10532,"Nord-Ost Matjeshering"
10532,"Louisiana Hot Spiced Okra"
10533,"Chef Anton's Cajun Seasoning"
10533,"Mozzarella di Giovanni"
10533,"Röd Kaviar"
10534,"Nord-Ost Matjeshering"
10534,"Boston Crab Meat"
10534,"Tourtière"
10535,"Queso Cabrales"
10535,"Boston Crab Meat"
10535,"Ravioli Angelo"
10535,"Raclette Courdavault"
10536,"Queso Manchego La Pastora"
10536,"Gorgonzola Telino"
10536,"Geitost"
10536,"Camembert Pierrot"
10537,"Gorgonzola Telino"
10537,"Manjimup Dried Apples"
10537,"Escargots de Bourgogne"
10537,"Mozzarella di Giovanni"
10537,"Röd Kaviar"
10538,"Outback Lager"
10538,"Mozzarella di Giovanni"
10539,"Konbu"
10539,"Sir Rodney's Scones"
10539,"Geitost"
10539,"Maxilaku"
10540,"Aniseed Syrup"
10540,"Gumbär Gummibärchen"
10540,"Côte de Blaye"
10540,"Scottish Longbreads"
10541,"Guaraná Fantástica"
10541,"Côte de Blaye"
10541,"Louisiana Fiery Hot Pepper Sauce"
10541,"Flotemysost"
10542,"Queso Cabrales"
10542,"Tourtière"
10543,"Queso Manchego La Pastora"
10543,"Tunnbröd"
10544,"Rössle Sauerkraut"
10544,"Laughing Lumberjack Lager"
10545,"Queso Cabrales"
10546,"Uncle Bob's Organic Dried Pears"
10546,"Steeleye Stout"
10546,"Tarte au sucre"
10547,"Mascarpone Fabioli"
10547,"Inlagd Sill"
10548,"Sasquatch Ale"
10548,"Jack's New England Clam Chowder"
10549,"Gorgonzola Telino"
10549,"Rogede sild"
10549,"Manjimup Dried Apples"
10550,"Alice Mutton"
10550,"Teatime Chocolate Biscuits"
10550,"Sir Rodney's Scones"
10550,"Sirop d'érable"
10551,"Pavlova"
10551,"Steeleye Stout"
10551,"Gula Malacca"
10552,"Gudbrandsdalsost"
10552,"Rhönbräu Klosterbier"
10553,"Queso Cabrales"
10553,"Pavlova"
10553,"Gustaf's Knäckebröd"
10553,"Gorgonzola Telino"
10553,"Steeleye Stout"
10554,"Pavlova"
10554,"Tunnbröd"
10554,"Tarte au sucre"
10554,"Original Frankfurter grüne Soße"
10555,"Tofu"
10555,"Teatime Chocolate Biscuits"
10555,"Guaraná Fantástica"
10555,"Manjimup Dried Apples"
10555,"Gnocchi di nonna Alice"
10556,"Mozzarella di Giovanni"
10557,"Wimmers gute Semmelknödel"
10557,"Rhönbräu Klosterbier"
10558,"Zaanse koeken"
10558,"Manjimup Dried Apples"
10558,"Filo Mix"
10558,"Perth Pasties"
10558,"Röd Kaviar"
10559,"Jack's New England Clam Chowder"
10559,"Pâté chinois"
10560,"Nord-Ost Matjeshering"
10560,"Tarte au sucre"
10561,"Gula Malacca"
10561,"Manjimup Dried Apples"
10562,"Geitost"
10562,"Tarte au sucre"
10563,"Inlagd Sill"
10563,"Filo Mix"
10564,"Alice Mutton"
10564,"Gorgonzola Telino"
10564,"Pâté chinois"
10565,"Guaraná Fantástica"
10565,"Wimmers gute Semmelknödel"
10566,"Queso Cabrales"
10566,"Carnarvon Tigers"
10566,"Lakkalikööri"
10567,"Gorgonzola Telino"
10567,"Manjimup Dried Apples"
10567,"Raclette Courdavault"
10568,"Ikura"
10569,"Gorgonzola Telino"
10569,"Lakkalikööri"
10570,"Queso Cabrales"
10570,"Gnocchi di nonna Alice"
10571,"Tofu"
10571,"Singaporean Hokkien Fried Mee"
10572,"Pavlova"
10572,"Mascarpone Fabioli"
10572,"Boston Crab Meat"
10572,"Rhönbräu Klosterbier"
10573,"Alice Mutton"
10573,"Sasquatch Ale"
10573,"Perth Pasties"
10574,"Geitost"
10574,"Boston Crab Meat"
10574,"Tarte au sucre"
10574,"Wimmers gute Semmelknödel"
10575,"Raclette Courdavault"
10575,"Vegie-spread"
10575,"Mozzarella di Giovanni"
10575,"Lakkalikööri"
10576,"Chai"
10576,"Gorgonzola Telino"
10576,"Gula Malacca"
10577,"Chartreuse verte"
10577,"Rhönbräu Klosterbier"
10577,"Original Frankfurter grüne Soße"
10578,"Steeleye Stout"
10578,"Ravioli Angelo"
10579,"Rhönbräu Klosterbier"
10580,"Tofu"
10580,"Jack's New England Clam Chowder"
10580,"Louisiana Fiery Hot Pepper Sauce"
10581,"Rhönbräu Klosterbier"
10582,"Ravioli Angelo"
10582,"Lakkalikööri"
10583,"Thüringer Rostbratwurst"
10583,"Camembert Pierrot"
10583,"Gudbrandsdalsost"
10584,"Gorgonzola Telino"
10585,"Zaanse koeken"
10586,"Filo Mix"
10587,"Gumbär Gummibärchen"
10587,"Steeleye Stout"
10587,"Original Frankfurter grüne Soße"
10588,"Carnarvon Tigers"
10588,"Singaporean Hokkien Fried Mee"
10589,"Steeleye Stout"
10590,"Chai"
10590,"Original Frankfurter grüne Soße"
10591,"Aniseed Syrup"
10591,"Uncle Bob's Organic Dried Pears"
10591,"Tourtière"
10592,"Gumbär Gummibärchen"
10593,"Sir Rodney's Marmalade"
10593,"Gudbrandsdalsost"
10593,"Lakkalikööri"
10594,"Filo Mix"
10594,"Escargots de Bourgogne"
10595,"Steeleye Stout"
10595,"Sirop d'érable"
10595,"Gudbrandsdalsost"
10596,"Gnocchi di nonna Alice"
10596,"Vegie-spread"
10596,"Rhönbräu Klosterbier"
10597,"Guaraná Fantástica"
10597,"Ravioli Angelo"
10597,"Louisiana Fiery Hot Pepper Sauce"
10598,"Schoggi Schokolade"
10598,"Flotemysost"
10599,"Tarte au sucre"
10600,"Tourtière"
10600,"Röd Kaviar"
10601,"Konbu"
10601,"Raclette Courdavault"
10602,"Original Frankfurter grüne Soße"
10603,"Gustaf's Knäckebröd"
10603,"Maxilaku"
10604,"Chocolade"
10604,"Lakkalikööri"
10605,"Pavlova"
10605,"Raclette Courdavault"
10605,"Camembert Pierrot"
10605,"Flotemysost"
10606,"Chef Anton's Cajun Seasoning"
10606,"Pâté chinois"
10606,"Tarte au sucre"
10607,"Uncle Bob's Organic Dried Pears"
10607,"Alice Mutton"
10607,"Geitost"
10607,"Boston Crab Meat"
10607,"Mozzarella di Giovanni"
10608,"Gnocchi di nonna Alice"
10609,"Chai"
10609,"Ikura"
10609,"Sir Rodney's Scones"
10610,"Inlagd Sill"
10611,"Chai"
10611,"Chang"
10611,"Camembert Pierrot"
10612,"Ikura"
10612,"Inlagd Sill"
10612,"Maxilaku"
10612,"Camembert Pierrot"
10612,"Lakkalikööri"
10613,"Konbu"
10613,"Rhönbräu Klosterbier"
10614,"Queso Cabrales"
10614,"Sir Rodney's Scones"
10614,"Chartreuse verte"
10615,"Pâté chinois"
10616,"Côte de Blaye"
10616,"Gnocchi di nonna Alice"
10616,"Outback Lager"
10616,"Flotemysost"
10617,"Raclette Courdavault"
10618,"Grandma's Boysenberry Spread"
10618,"Gnocchi di nonna Alice"
10618,"Scottish Longbreads"
10619,"Sir Rodney's Scones"
10619,"Gustaf's Knäckebröd"
10620,"Guaraná Fantástica"
10620,"Filo Mix"
10621,"Teatime Chocolate Biscuits"
10621,"Tunnbröd"
10621,"Outback Lager"
10621,"Flotemysost"
10622,"Chang"
10622,"Scottish Longbreads"
10623,"Tofu"
10623,"Teatime Chocolate Biscuits"
10623,"Sir Rodney's Scones"
10623,"Guaraná Fantástica"
10623,"Steeleye Stout"
10624,"Rössle Sauerkraut"
10624,"Thüringer Rostbratwurst"
10624,"Gula Malacca"
10625,"Tofu"
10625,"Singaporean Hokkien Fried Mee"
10625,"Camembert Pierrot"
10626,"Perth Pasties"
10626,"Camembert Pierrot"
10626,"Flotemysost"
10627,"Tarte au sucre"
10627,"Röd Kaviar"
10628,"Chai"
10629,"Thüringer Rostbratwurst"
10629,"Wimmers gute Semmelknödel"
10630,"Pâté chinois"
10630,"Lakkalikööri"
10631,"Rhönbräu Klosterbier"
10632,"Chang"
10632,"Geitost"
10633,"Queso Manchego La Pastora"
10633,"Konbu"
10633,"Gumbär Gummibärchen"
10633,"Tarte au sucre"
10634,"Uncle Bob's Organic Dried Pears"
10634,"Carnarvon Tigers"
10634,"Manjimup Dried Apples"
10634,"Rhönbräu Klosterbier"
10635,"Chef Anton's Cajun Seasoning"
10635,"Chef Anton's Gumbo Mix"
10635,"Gustaf's Knäckebröd"
10636,"Chef Anton's Cajun Seasoning"
10636,"Escargots de Bourgogne"
10637,"Queso Cabrales"
10637,"Valkoinen suklaa"
10637,"Gnocchi di nonna Alice"
10638,"Rogede sild"
10638,"Louisiana Fiery Hot Pepper Sauce"
10638,"Mozzarella di Giovanni"
10639,"Carnarvon Tigers"
10640,"Gudbrandsdalsost"
10640,"Outback Lager"
10641,"Chang"
10641,"Boston Crab Meat"
10642,"Sir Rodney's Scones"
10642,"Sirop d'érable"
10643,"Rössle Sauerkraut"
10643,"Chartreuse verte"
10643,"Spegesild"
10644,"Carnarvon Tigers"
10644,"Ipoh Coffee"
10644,"Spegesild"
10645,"Carnarvon Tigers"
10645,"Inlagd Sill"
10646,"Chai"
10646,"Ikura"
10646,"Flotemysost"
10646,"Original Frankfurter grüne Soße"
10647,"Teatime Chocolate Biscuits"
10647,"Chartreuse verte"
10648,"Gustaf's Knäckebröd"
10648,"Guaraná Fantástica"
10649,"Rössle Sauerkraut"
10649,"Mozzarella di Giovanni"
10650,"Nord-Ost Matjeshering"
10650,"Perth Pasties"
10650,"Tourtière"
10651,"Teatime Chocolate Biscuits"
10651,"Gustaf's Knäckebröd"
10652,"Nord-Ost Matjeshering"
10652,"Singaporean Hokkien Fried Mee"
10653,"Pavlova"
10653,"Camembert Pierrot"
10654,"Chef Anton's Cajun Seasoning"
10654,"Chartreuse verte"
10654,"Tourtière"
10655,"Jack's New England Clam Chowder"
10656,"Tofu"
10656,"Gula Malacca"
10656,"Zaanse koeken"
10657,"Jack's New England Clam Chowder"
10657,"Spegesild"
10657,"Zaanse koeken"
10657,"Gnocchi di nonna Alice"
10657,"Camembert Pierrot"
10658,"Sir Rodney's Scones"
10658,"Boston Crab Meat"
10658,"Camembert Pierrot"
10658,"Original Frankfurter grüne Soße"
10659,"Gorgonzola Telino"
10659,"Boston Crab Meat"
10659,"Outback Lager"
10660,"Sir Rodney's Marmalade"
10661,"Chartreuse verte"
10661,"Escargots de Bourgogne"
10662,"Scottish Longbreads"
10663,"Boston Crab Meat"
10663,"Singaporean Hokkien Fried Mee"
10663,"Manjimup Dried Apples"
10664,"Ikura"
10664,"Gnocchi di nonna Alice"
10664,"Louisiana Fiery Hot Pepper Sauce"
10665,"Manjimup Dried Apples"
10665,"Raclette Courdavault"
10665,"Lakkalikööri"
10666,"Thüringer Rostbratwurst"
10666,"Louisiana Fiery Hot Pepper Sauce"
10667,"Gudbrandsdalsost"
10667,"Flotemysost"
10668,"Gorgonzola Telino"
10668,"Pâté chinois"
10668,"Wimmers gute Semmelknödel"
10669,"Inlagd Sill"
10670,"Tunnbröd"
10670,"Spegesild"
10670,"Laughing Lumberjack Lager"
10670,"Röd Kaviar"
10670,"Rhönbräu Klosterbier"
10671,"Pavlova"
10671,"Tarte au sucre"
10671,"Louisiana Fiery Hot Pepper Sauce"
10672,"Côte de Blaye"
10672,"Flotemysost"
10673,"Pavlova"
10673,"Singaporean Hokkien Fried Mee"
10673,"Ipoh Coffee"
10674,"Tunnbröd"
10675,"Tofu"
10675,"Perth Pasties"
10675,"Escargots de Bourgogne"
10676,"Ikura"
10676,"Teatime Chocolate Biscuits"
10676,"Gula Malacca"
10677,"Gumbär Gummibärchen"
10677,"Geitost"
10678,"Queso Manchego La Pastora"
10678,"Geitost"
10678,"Jack's New England Clam Chowder"
10678,"Tourtière"
10679,"Raclette Courdavault"
10680,"Pavlova"
10680,"Gorgonzola Telino"
10680,"Singaporean Hokkien Fried Mee"
10681,"Teatime Chocolate Biscuits"
10681,"Sir Rodney's Scones"
10681,"Wimmers gute Semmelknödel"
10682,"Geitost"
10682,"Louisiana Hot Spiced Okra"
10682,"Rhönbräu Klosterbier"
10683,"Filo Mix"
10684,"Boston Crab Meat"
10684,"Zaanse koeken"
10684,"Camembert Pierrot"
10685,"Ikura"
10685,"Jack's New England Clam Chowder"
10685,"Zaanse koeken"
10686,"Alice Mutton"
10686,"Gumbär Gummibärchen"
10687,"Mishi Kobe Niku"
10687,"Thüringer Rostbratwurst"
10687,"Inlagd Sill"
10688,"Ikura"
10688,"Rössle Sauerkraut"
10688,"Sasquatch Ale"
10689,"Chai"
10690,"Gnocchi di nonna Alice"
10690,"Original Frankfurter grüne Soße"
10691,"Chai"
10691,"Thüringer Rostbratwurst"
10691,"Ipoh Coffee"
10691,"Gula Malacca"
10691,"Tarte au sucre"
10692,"Vegie-spread"
10693,"Mishi Kobe Niku"
10693,"Tourtière"
10693,"Gudbrandsdalsost"
10693,"Röd Kaviar"
10694,"Uncle Bob's Organic Dried Pears"
10694,"Raclette Courdavault"
10694,"Outback Lager"
10695,"Northwoods Cranberry Sauce"
10695,"Queso Manchego La Pastora"
10695,"Guaraná Fantástica"
10696,"Alice Mutton"
10696,"Spegesild"
10697,"Teatime Chocolate Biscuits"
10697,"Steeleye Stout"
10697,"Escargots de Bourgogne"
10697,"Outback Lager"
10698,"Queso Cabrales"
10698,"Alice Mutton"
10698,"Thüringer Rostbratwurst"
10698,"Louisiana Fiery Hot Pepper Sauce"
10698,"Outback Lager"
10699,"Zaanse koeken"
10700,"Chai"
10700,"Sasquatch Ale"
10700,"Scottish Longbreads"
10700,"Flotemysost"
10701,"Raclette Courdavault"
10701,"Flotemysost"
10701,"Lakkalikööri"
10702,"Aniseed Syrup"
10702,"Lakkalikööri"
10703,"Chang"
10703,"Raclette Courdavault"
10703,"Röd Kaviar"
10704,"Chef Anton's Cajun Seasoning"
10704,"Guaraná Fantástica"
10704,"Chocolade"
10705,"Gorgonzola Telino"
10705,"Mascarpone Fabioli"
10706,"Pavlova"
10706,"Ipoh Coffee"
10706,"Raclette Courdavault"
10707,"Pâté chinois"
10707,"Ravioli Angelo"
10707,"Outback Lager"
10708,"Chef Anton's Gumbo Mix"
10708,"Inlagd Sill"
10709,"Northwoods Cranberry Sauce"
10709,"Manjimup Dried Apples"
10709,"Camembert Pierrot"
10710,"Teatime Chocolate Biscuits"
10710,"Zaanse koeken"
10711,"Teatime Chocolate Biscuits"
10711,"Jack's New England Clam Chowder"
10711,"Perth Pasties"
10712,"Perth Pasties"
10712,"Gnocchi di nonna Alice"
10713,"Ikura"
10713,"Gumbär Gummibärchen"
10713,"Rogede sild"
10713,"Spegesild"
10714,"Chang"
10714,"Alice Mutton"
10714,"Zaanse koeken"
10714,"Gnocchi di nonna Alice"
10714,"Escargots de Bourgogne"
10715,"Ikura"
10715,"Flotemysost"
10716,"Sir Rodney's Scones"
10716,"Manjimup Dried Apples"
10716,"Sirop d'érable"
10717,"Sir Rodney's Scones"
10717,"Tourtière"
10717,"Gudbrandsdalsost"
10718,"Queso Manchego La Pastora"
10718,"Pavlova"
10718,"Inlagd Sill"
10718,"Tarte au sucre"
10719,"Carnarvon Tigers"
10719,"Nord-Ost Matjeshering"
10719,"Tourtière"
10720,"Steeleye Stout"
10720,"Flotemysost"
10721,"Gula Malacca"
10722,"Chang"
10722,"Gorgonzola Telino"
10722,"Scottish Longbreads"
10722,"Rhönbräu Klosterbier"
10723,"Gumbär Gummibärchen"
10724,"Ikura"
10724,"Sirop d'érable"
10725,"Jack's New England Clam Chowder"
10725,"Filo Mix"
10725,"Pâté chinois"
10726,"Chef Anton's Cajun Seasoning"
10726,"Queso Cabrales"
10727,"Alice Mutton"
10727,"Gnocchi di nonna Alice"
10727,"Raclette Courdavault"
10728,"Nord-Ost Matjeshering"
10728,"Boston Crab Meat"
10728,"Pâté chinois"
10728,"Camembert Pierrot"
10729,"Chai"
10729,"Sir Rodney's Scones"
10729,"Valkoinen suklaa"
10730,"Pavlova"
10730,"Gorgonzola Telino"
10730,"Louisiana Fiery Hot Pepper Sauce"
10731,"Sir Rodney's Scones"
10731,"Manjimup Dried Apples"
10732,"Lakkalikööri"
10733,"Tofu"
10733,"Rössle Sauerkraut"
10733,"Filo Mix"
10734,"Grandma's Boysenberry Spread"
10734,"Nord-Ost Matjeshering"
10734,"Lakkalikööri"
10735,"Sirop d'érable"
10735,"Original Frankfurter grüne Soße"
10736,"Louisiana Fiery Hot Pepper Sauce"
10736,"Rhönbräu Klosterbier"
10737,"Konbu"
10737,"Jack's New England Clam Chowder"
10738,"Pavlova"
10739,"Inlagd Sill"
10739,"Filo Mix"
10740,"Rössle Sauerkraut"
10740,"Steeleye Stout"
10740,"Rogede sild"
10740,"Gnocchi di nonna Alice"
10741,"Chang"
10742,"Aniseed Syrup"
10742,"Camembert Pierrot"
10742,"Mozzarella di Giovanni"
10743,"Spegesild"
10744,"Boston Crab Meat"
10745,"Carnarvon Tigers"
10745,"Gula Malacca"
10745,"Raclette Courdavault"
10745,"Mozzarella di Giovanni"
10746,"Konbu"
10746,"Singaporean Hokkien Fried Mee"
10746,"Tarte au sucre"
10746,"Gudbrandsdalsost"
10747,"Gorgonzola Telino"
10747,"Jack's New England Clam Chowder"
10747,"Vegie-spread"
10747,"Gudbrandsdalsost"
10748,"Tunnbröd"
10748,"Boston Crab Meat"
10748,"Gnocchi di nonna Alice"
10749,"Gnocchi di nonna Alice"
10749,"Raclette Courdavault"
10749,"Lakkalikööri"
10750,"Tofu"
10750,"Rogede sild"
10750,"Raclette Courdavault"
10751,"Gumbär Gummibärchen"
10751,"Nord-Ost Matjeshering"
10751,"Valkoinen suklaa"
10751,"Röd Kaviar"
10752,"Chai"
10752,"Gudbrandsdalsost"
10753,"Rogede sild"
10753,"Longlife Tofu"
10754,"Boston Crab Meat"
10755,"Zaanse koeken"
10755,"Gnocchi di nonna Alice"
10755,"Ravioli Angelo"
10755,"Gudbrandsdalsost"
10756,"Carnarvon Tigers"
10756,"Inlagd Sill"
10756,"Scottish Longbreads"
10756,"Gudbrandsdalsost"
10757,"Sasquatch Ale"
10757,"Raclette Courdavault"
10757,"Tarte au sucre"
10757,"Wimmers gute Semmelknödel"
10758,"Gumbär Gummibärchen"
10758,"Filo Mix"
10758,"Outback Lager"
10759,"Mascarpone Fabioli"
10760,"NuNuCa Nuß-Nougat-Creme"
10760,"Schoggi Schokolade"
10760,"Ipoh Coffee"
10761,"NuNuCa Nuß-Nougat-Creme"
10761,"Rhönbräu Klosterbier"
10762,"Chartreuse verte"
10762,"Zaanse koeken"
10762,"Manjimup Dried Apples"
10762,"Gnocchi di nonna Alice"
10763,"Sir Rodney's Scones"
10763,"Gustaf's Knäckebröd"
10763,"Guaraná Fantástica"
10764,"Aniseed Syrup"
10764,"Chartreuse verte"
10765,"Louisiana Fiery Hot Pepper Sauce"
10766,"Chang"
10766,"Uncle Bob's Organic Dried Pears"
10766,"Scottish Longbreads"
10767,"Singaporean Hokkien Fried Mee"
10768,"Gustaf's Knäckebröd"
10768,"Gorgonzola Telino"
10768,"Camembert Pierrot"
10768,"Flotemysost"
10769,"Jack's New England Clam Chowder"
10769,"Filo Mix"
10769,"Sirop d'érable"
10769,"Tarte au sucre"
10770,"Queso Cabrales"
10771,"Flotemysost"
10772,"Thüringer Rostbratwurst"
10772,"Raclette Courdavault"
10773,"Alice Mutton"
10773,"Gorgonzola Telino"
10773,"Rhönbräu Klosterbier"
10774,"Gorgonzola Telino"
10774,"Louisiana Hot Spiced Okra"
10775,"Ikura"
10775,"Laughing Lumberjack Lager"
10776,"Gorgonzola Telino"
10776,"Singaporean Hokkien Fried Mee"
10776,"Rogede sild"
10776,"Manjimup Dried Apples"
10777,"Singaporean Hokkien Fried Mee"
10778,"Jack's New England Clam Chowder"
10779,"Pavlova"
10779,"Tarte au sucre"
10780,"Outback Lager"
10780,"Original Frankfurter grüne Soße"
10781,"Tourtière"
10781,"Gnocchi di nonna Alice"
10781,"Longlife Tofu"
10782,"Gorgonzola Telino"
10783,"Gorgonzola Telino"
10783,"Côte de Blaye"
10784,"Inlagd Sill"
10784,"Chartreuse verte"
10784,"Mozzarella di Giovanni"
10785,"Ikura"
10785,"Rhönbräu Klosterbier"
10786,"Northwoods Cranberry Sauce"
10786,"Nord-Ost Matjeshering"
10786,"Rhönbräu Klosterbier"
10787,"Chang"
10787,"Thüringer Rostbratwurst"
10788,"Teatime Chocolate Biscuits"
10788,"Rhönbräu Klosterbier"
10789,"Carnarvon Tigers"
10789,"Steeleye Stout"
10789,"Vegie-spread"
10789,"Scottish Longbreads"
10790,"Uncle Bob's Organic Dried Pears"
10790,"Gnocchi di nonna Alice"
10791,"Thüringer Rostbratwurst"
10791,"Jack's New England Clam Chowder"
10792,"Chang"
10792,"Tourtière"
10792,"Scottish Longbreads"
10793,"Jack's New England Clam Chowder"
10793,"Filo Mix"
10794,"Tofu"
10794,"Tourtière"
10795,"Pavlova"
10795,"Alice Mutton"
10796,"Gumbär Gummibärchen"
10796,"Gula Malacca"
10796,"Wimmers gute Semmelknödel"
10796,"Gudbrandsdalsost"
10797,"Queso Cabrales"
10798,"Tarte au sucre"
10798,"Mozzarella di Giovanni"
10799,"Konbu"
10799,"Guaraná Fantástica"
10799,"Raclette Courdavault"
10800,"Queso Cabrales"
10800,"Manjimup Dried Apples"
10800,"Tourtière"
10801,"Alice Mutton"
10801,"Thüringer Rostbratwurst"
10802,"Nord-Ost Matjeshering"
10802,"Manjimup Dried Apples"
10802,"Pâté chinois"
10802,"Tarte au sucre"
10803,"Teatime Chocolate Biscuits"
10803,"NuNuCa Nuß-Nougat-Creme"
10803,"Raclette Courdavault"
10804,"Ikura"
10804,"Rössle Sauerkraut"
10804,"Maxilaku"
10805,"Sasquatch Ale"
10805,"Côte de Blaye"
10806,"Chang"
10806,"Louisiana Fiery Hot Pepper Sauce"
10806,"Longlife Tofu"
10807,"Boston Crab Meat"
10808,"Gnocchi di nonna Alice"
10808,"Lakkalikööri"
10809,"Filo Mix"
10810,"Konbu"
10810,"NuNuCa Nuß-Nougat-Creme"
10810,"Outback Lager"
10811,"Teatime Chocolate Biscuits"
10811,"Tunnbröd"
10811,"Boston Crab Meat"
10812,"Gorgonzola Telino"
10812,"Mozzarella di Giovanni"
10812,"Original Frankfurter grüne Soße"
10813,"Chang"
10813,"Spegesild"
10814,"Jack's New England Clam Chowder"
10814,"Ipoh Coffee"
10814,"Chocolade"
10814,"Sirop d'érable"
10815,"Geitost"
10816,"Côte de Blaye"
10816,"Tarte au sucre"
10817,"Gumbär Gummibärchen"
10817,"Côte de Blaye"
10817,"Boston Crab Meat"
10817,"Tarte au sucre"
10818,"Mascarpone Fabioli"
10818,"Jack's New England Clam Chowder"
10819,"Ipoh Coffee"
10819,"Rhönbräu Klosterbier"
10820,"Gnocchi di nonna Alice"
10821,"Steeleye Stout"
10821,"Manjimup Dried Apples"
10822,"Tarte au sucre"
10822,"Outback Lager"
10823,"Queso Cabrales"
10823,"Ravioli Angelo"
10823,"Raclette Courdavault"
10823,"Original Frankfurter grüne Soße"
10824,"Jack's New England Clam Chowder"
10824,"Outback Lager"
10825,"Gumbär Gummibärchen"
10825,"Perth Pasties"
10826,"Gorgonzola Telino"
10826,"Ravioli Angelo"
10827,"Ikura"
10827,"Chartreuse verte"
10828,"Sir Rodney's Marmalade"
10828,"Côte de Blaye"
10829,"Chang"
10829,"Northwoods Cranberry Sauce"
10829,"Konbu"
10829,"Camembert Pierrot"
10830,"Grandma's Boysenberry Spread"
10830,"Chartreuse verte"
10830,"Camembert Pierrot"
10830,"Scottish Longbreads"
10831,"Teatime Chocolate Biscuits"
10831,"Steeleye Stout"
10831,"Côte de Blaye"
10831,"Ipoh Coffee"
10832,"Konbu"
10832,"NuNuCa Nuß-Nougat-Creme"
10832,"Gula Malacca"
10832,"Wimmers gute Semmelknödel"
10833,"Uncle Bob's Organic Dried Pears"
10833,"Gorgonzola Telino"
10833,"Perth Pasties"
10834,"Thüringer Rostbratwurst"
10834,"Nord-Ost Matjeshering"
10835,"Raclette Courdavault"
10835,"Original Frankfurter grüne Soße"
10836,"Gustaf's Knäckebröd"
10836,"Steeleye Stout"
10836,"Ravioli Angelo"
10836,"Camembert Pierrot"
10836,"Wimmers gute Semmelknödel"
10837,"Konbu"
10837,"Boston Crab Meat"
10837,"Zaanse koeken"
10837,"Lakkalikööri"
10838,"Chai"
10838,"Carnarvon Tigers"
10838,"Inlagd Sill"
10839,"Escargots de Bourgogne"
10839,"Mozzarella di Giovanni"
10840,"NuNuCa Nuß-Nougat-Creme"
10840,"Chartreuse verte"
10841,"Ikura"
10841,"Gnocchi di nonna Alice"
10841,"Raclette Courdavault"
10841,"Original Frankfurter grüne Soße"
10842,"Queso Cabrales"
10842,"Ipoh Coffee"
10842,"Scottish Longbreads"
10842,"Outback Lager"
10843,"Manjimup Dried Apples"
10844,"Gustaf's Knäckebröd"
10845,"Tunnbröd"
10845,"Steeleye Stout"
10845,"Singaporean Hokkien Fried Mee"
10845,"Escargots de Bourgogne"
10845,"Wimmers gute Semmelknödel"
10846,"Chef Anton's Cajun Seasoning"
10846,"Outback Lager"
10846,"Longlife Tofu"
10847,"Chai"
10847,"Teatime Chocolate Biscuits"
10847,"Gravad lax"
10847,"Rogede sild"
10847,"Camembert Pierrot"
10847,"Flotemysost"
10848,"Chef Anton's Gumbo Mix"
10848,"Mishi Kobe Niku"
10849,"Aniseed Syrup"
10849,"Gumbär Gummibärchen"
10850,"NuNuCa Nuß-Nougat-Creme"
10850,"Geitost"
10850,"Outback Lager"
10851,"Chang"
10851,"NuNuCa Nuß-Nougat-Creme"
10851,"Ravioli Angelo"
10851,"Raclette Courdavault"
10852,"Chang"
10852,"Alice Mutton"
10852,"Tarte au sucre"
10853,"Carnarvon Tigers"
10854,"Ikura"
10854,"Konbu"
10855,"Pavlova"
10855,"Gorgonzola Telino"
10855,"Gnocchi di nonna Alice"
10855,"Louisiana Fiery Hot Pepper Sauce"
10856,"Chang"
10856,"Singaporean Hokkien Fried Mee"
10857,"Aniseed Syrup"
10857,"Gumbär Gummibärchen"
10857,"Thüringer Rostbratwurst"
10858,"Uncle Bob's Organic Dried Pears"
10858,"Schoggi Schokolade"
10858,"Outback Lager"
10859,"Guaraná Fantástica"
10859,"Tourtière"
10859,"Wimmers gute Semmelknödel"
10860,"Manjimup Dried Apples"
10860,"Lakkalikööri"
10861,"Alice Mutton"
10861,"Carnarvon Tigers"
10861,"Sir Rodney's Scones"
10861,"Geitost"
10861,"Tarte au sucre"
10862,"Queso Cabrales"
10862,"Filo Mix"
10863,"Chai"
10863,"Escargots de Bourgogne"
10864,"Steeleye Stout"
10864,"Laughing Lumberjack Lager"
10865,"Côte de Blaye"
10865,"Chartreuse verte"
10866,"Chang"
10866,"Guaraná Fantástica"
10866,"Nord-Ost Matjeshering"
10867,"Perth Pasties"
10868,"Gumbär Gummibärchen"
10868,"Steeleye Stout"
10868,"Maxilaku"
10869,"Chai"
10869,"Queso Cabrales"
10869,"Tunnbröd"
10869,"Scottish Longbreads"
10870,"Steeleye Stout"
10870,"Manjimup Dried Apples"
10871,"Grandma's Boysenberry Spread"
10871,"Pavlova"
10871,"Alice Mutton"
10872,"Pâté chinois"
10872,"Tarte au sucre"
10872,"Wimmers gute Semmelknödel"
10872,"Louisiana Fiery Hot Pepper Sauce"
10873,"Sir Rodney's Scones"
10873,"Rössle Sauerkraut"
10874,"Ikura"
10875,"Teatime Chocolate Biscuits"
10875,"Zaanse koeken"
10875,"Maxilaku"
10876,"Spegesild"
10876,"Wimmers gute Semmelknödel"
10877,"Pavlova"
10877,"Carnarvon Tigers"
10878,"Sir Rodney's Marmalade"
10879,"Boston Crab Meat"
10879,"Louisiana Fiery Hot Pepper Sauce"
10879,"Lakkalikööri"
10880,"Tunnbröd"
10880,"Sirop d'érable"
10880,"Outback Lager"
10881,"Röd Kaviar"
10882,"Singaporean Hokkien Fried Mee"
10882,"Maxilaku"
10882,"Tourtière"
10883,"Guaraná Fantástica"
10884,"Sir Rodney's Scones"
10884,"Gnocchi di nonna Alice"
10884,"Louisiana Fiery Hot Pepper Sauce"
10885,"Chang"
10885,"Guaraná Fantástica"
10885,"Outback Lager"
10885,"Original Frankfurter grüne Soße"
10886,"Ikura"
10886,"Gorgonzola Telino"
10886,"Original Frankfurter grüne Soße"
10887,"NuNuCa Nuß-Nougat-Creme"
10888,"Chang"
10888,"Scottish Longbreads"
10889,"Queso Cabrales"
10889,"Côte de Blaye"
10890,"Alice Mutton"
10890,"Sasquatch Ale"
10890,"Jack's New England Clam Chowder"
10891,"Nord-Ost Matjeshering"
10892,"Raclette Courdavault"
10893,"Northwoods Cranberry Sauce"
10893,"Guaraná Fantástica"
10893,"Thüringer Rostbratwurst"
10893,"Nord-Ost Matjeshering"
10893,"Inlagd Sill"
10894,"Konbu"
10894,"Gudbrandsdalsost"
10894,"Rhönbräu Klosterbier"
10895,"Guaraná Fantástica"
10895,"Chartreuse verte"
10895,"Boston Crab Meat"
10895,"Camembert Pierrot"
10896,"Rogede sild"
10896,"Gnocchi di nonna Alice"
10897,"Thüringer Rostbratwurst"
10897,"Nord-Ost Matjeshering"
10898,"Konbu"
10899,"Chartreuse verte"
10900,"Outback Lager"
10901,"Jack's New England Clam Chowder"
10901,"Flotemysost"
10902,"Pâté chinois"
10902,"Tarte au sucre"
10903,"Konbu"
10903,"Louisiana Fiery Hot Pepper Sauce"
10903,"Scottish Longbreads"
10904,"Escargots de Bourgogne"
10904,"Tarte au sucre"
10905,"Chai"
10906,"Sirop d'érable"
10907,"Rhönbräu Klosterbier"
10908,"Uncle Bob's Organic Dried Pears"
10908,"Filo Mix"
10909,"Uncle Bob's Organic Dried Pears"
10909,"Pavlova"
10909,"Jack's New England Clam Chowder"
10910,"Teatime Chocolate Biscuits"
10910,"Maxilaku"
10910,"Sirop d'érable"
10911,"Chai"
10911,"Alice Mutton"
10911,"Laughing Lumberjack Lager"
10912,"Queso Cabrales"
10912,"Thüringer Rostbratwurst"
10913,"Chef Anton's Cajun Seasoning"
10913,"Geitost"
10913,"Escargots de Bourgogne"
10914,"Flotemysost"
10915,"Alice Mutton"
10915,"Geitost"
10915,"Tourtière"
10916,"Pavlova"
10916,"Mascarpone Fabioli"
10916,"Ravioli Angelo"
10917,"Nord-Ost Matjeshering"
10917,"Camembert Pierrot"
10918,"Chai"
10918,"Camembert Pierrot"
10919,"Pavlova"
10919,"NuNuCa Nuß-Nougat-Creme"
10919,"Boston Crab Meat"
10920,"Valkoinen suklaa"
10921,"Steeleye Stout"
10921,"Vegie-spread"
10922,"Alice Mutton"
10922,"Guaraná Fantástica"
10923,"Singaporean Hokkien Fried Mee"
10923,"Ipoh Coffee"
10923,"Laughing Lumberjack Lager"
10924,"Ikura"
10924,"Rössle Sauerkraut"
10924,"Rhönbräu Klosterbier"
10925,"Inlagd Sill"
10925,"Filo Mix"
10926,"Queso Cabrales"
10926,"Konbu"
10926,"Teatime Chocolate Biscuits"
10926,"Mozzarella di Giovanni"
10927,"Sir Rodney's Marmalade"
10927,"Filo Mix"
10927,"Lakkalikööri"
10928,"Zaanse koeken"
10928,"Lakkalikööri"
10929,"Sir Rodney's Scones"
10929,"Rhönbräu Klosterbier"
10929,"Original Frankfurter grüne Soße"
10930,"Sir Rodney's Scones"
10930,"Schoggi Schokolade"
10930,"Pâté chinois"
10930,"Escargots de Bourgogne"
10931,"Konbu"
10931,"Ravioli Angelo"
10932,"Pavlova"
10932,"Tarte au sucre"
10932,"Mozzarella di Giovanni"
10932,"Rhönbräu Klosterbier"
10933,"Perth Pasties"
10933,"Sirop d'érable"
10934,"Grandma's Boysenberry Spread"
10935,"Chai"
10935,"Carnarvon Tigers"
10935,"Tunnbröd"
10936,"Inlagd Sill"
10937,"Rössle Sauerkraut"
10937,"Sasquatch Ale"
10938,"Konbu"
10938,"Ipoh Coffee"
10938,"Camembert Pierrot"
10938,"Flotemysost"
10939,"Chang"
10939,"Laughing Lumberjack Lager"
10940,"Uncle Bob's Organic Dried Pears"
10940,"Konbu"
10941,"Gorgonzola Telino"
10941,"Tarte au sucre"
10941,"Scottish Longbreads"
10941,"Mozzarella di Giovanni"
10942,"Maxilaku"
10943,"Konbu"
10943,"Gustaf's Knäckebröd"
10943,"Spegesild"
10944,"Queso Cabrales"
10944,"Gula Malacca"
10944,"Gnocchi di nonna Alice"
10945,"Konbu"
10945,"Gorgonzola Telino"
10946,"Ikura"
10946,"Guaraná Fantástica"
10946,"Original Frankfurter grüne Soße"
10947,"Raclette Courdavault"
10948,"Valkoinen suklaa"
10948,"Manjimup Dried Apples"
10948,"Pâté chinois"
10949,"Grandma's Boysenberry Spread"
10949,"Ikura"
10949,"Alice Mutton"
10949,"Tarte au sucre"
10950,"Chef Anton's Cajun Seasoning"
10951,"Geitost"
10951,"Jack's New England Clam Chowder"
10951,"Rhönbräu Klosterbier"
10952,"Grandma's Boysenberry Spread"
10952,"Rössle Sauerkraut"
10953,"Sir Rodney's Marmalade"
10953,"Gorgonzola Telino"
10954,"Pavlova"
10954,"Gorgonzola Telino"
10954,"Rogede sild"
10954,"Camembert Pierrot"
10955,"Rhönbräu Klosterbier"
10956,"Sir Rodney's Scones"
10956,"Zaanse koeken"
10956,"Manjimup Dried Apples"
10957,"Nord-Ost Matjeshering"
10957,"Steeleye Stout"
10957,"Wimmers gute Semmelknödel"
10958,"Chef Anton's Gumbo Mix"
10958,"Uncle Bob's Organic Dried Pears"
10958,"Mozzarella di Giovanni"
10959,"Rhönbräu Klosterbier"
10960,"Guaraná Fantástica"
10960,"Jack's New England Clam Chowder"
10961,"Filo Mix"
10961,"Lakkalikööri"
10962,"Uncle Bob's Organic Dried Pears"
10962,"Konbu"
10962,"Perth Pasties"
10962,"Gudbrandsdalsost"
10962,"Lakkalikööri"
10963,"Camembert Pierrot"
10964,"Carnarvon Tigers"
10964,"Côte de Blaye"
10964,"Gudbrandsdalsost"
10965,"Manjimup Dried Apples"
10966,"Gravad lax"
10966,"Gnocchi di nonna Alice"
10966,"Tarte au sucre"
10967,"Teatime Chocolate Biscuits"
10967,"Maxilaku"
10968,"Queso Manchego La Pastora"
10968,"Guaraná Fantástica"
10968,"Wimmers gute Semmelknödel"
10969,"Spegesild"
10970,"Filo Mix"
10971,"Thüringer Rostbratwurst"
10972,"Alice Mutton"
10972,"Geitost"
10973,"Gumbär Gummibärchen"
10973,"Jack's New England Clam Chowder"
10973,"Rhönbräu Klosterbier"
10974,"Vegie-spread"
10975,"Northwoods Cranberry Sauce"
10975,"Rhönbräu Klosterbier"
10976,"Rössle Sauerkraut"
10977,"Chartreuse verte"
10977,"Zaanse koeken"
10977,"Manjimup Dried Apples"
10977,"Vegie-spread"
10978,"Northwoods Cranberry Sauce"
10978,"Sir Rodney's Scones"
10978,"Boston Crab Meat"
10978,"Gula Malacca"
10979,"Uncle Bob's Organic Dried Pears"
10979,"Queso Manchego La Pastora"
10979,"Guaraná Fantástica"
10979,"Schoggi Schokolade"
10979,"Gorgonzola Telino"
10979,"Vegie-spread"
10980,"Rhönbräu Klosterbier"
10981,"Côte de Blaye"
10982,"Uncle Bob's Organic Dried Pears"
10982,"Ipoh Coffee"
10983,"Konbu"
10983,"Ravioli Angelo"
10984,"Pavlova"
10984,"Guaraná Fantástica"
10984,"Inlagd Sill"
10985,"Pavlova"
10985,"Carnarvon Tigers"
10985,"Mascarpone Fabioli"
10986,"Queso Cabrales"
10986,"Sir Rodney's Marmalade"
10986,"Lakkalikööri"
10986,"Original Frankfurter grüne Soße"
10987,"Uncle Bob's Organic Dried Pears"
10987,"Ipoh Coffee"
10987,"Mozzarella di Giovanni"
10988,"Uncle Bob's Organic Dried Pears"
10988,"Tarte au sucre"
10989,"Grandma's Boysenberry Spread"
10989,"Queso Cabrales"
10989,"Jack's New England Clam Chowder"
10990,"Sir Rodney's Scones"
10990,"Sasquatch Ale"
10990,"Pâté chinois"
10990,"Sirop d'érable"
10991,"Chang"
10991,"Outback Lager"
10991,"Lakkalikööri"
10992,"Mozzarella di Giovanni"
10993,"Thüringer Rostbratwurst"
10993,"Jack's New England Clam Chowder"
10994,"Raclette Courdavault"
10995,"Manjimup Dried Apples"
10995,"Camembert Pierrot"
10996,"Singaporean Hokkien Fried Mee"
10997,"Mascarpone Fabioli"
10997,"Spegesild"
10997,"Filo Mix"
10998,"Guaraná Fantástica"
10998,"Sirop d'érable"
10998,"Longlife Tofu"
10998,"Rhönbräu Klosterbier"
10999,"Jack's New England Clam Chowder"
10999,"Manjimup Dried Apples"
10999,"Original Frankfurter grüne Soße"
11000,"Chef Anton's Cajun Seasoning"
11000,"Guaraná Fantástica"
11000,"Original Frankfurter grüne Soße"
11001,"Uncle Bob's Organic Dried Pears"
11001,"Gustaf's Knäckebröd"
11001,"Spegesild"
11001,"Pâté chinois"
11002,"Konbu"
11002,"Steeleye Stout"
11002,"Singaporean Hokkien Fried Mee"
11002,"Pâté chinois"
11003,"Chai"
11003,"Boston Crab Meat"
11003,"Filo Mix"
11004,"Gumbär Gummibärchen"
11004,"Lakkalikööri"
11005,"Chai"
11005,"Raclette Courdavault"
11006,"Chai"
11006,"Thüringer Rostbratwurst"
11007,"Northwoods Cranberry Sauce"
11007,"Thüringer Rostbratwurst"
11007,"Singaporean Hokkien Fried Mee"
11008,"Rössle Sauerkraut"
11008,"Sasquatch Ale"
11008,"Flotemysost"
11009,"Guaraná Fantástica"
11009,"Inlagd Sill"
11009,"Camembert Pierrot"
11010,"Uncle Bob's Organic Dried Pears"
11010,"Guaraná Fantástica"
11011,"Escargots de Bourgogne"
11011,"Flotemysost"
11012,"Teatime Chocolate Biscuits"
11012,"Camembert Pierrot"
11012,"Flotemysost"
11013,"Tunnbröd"
11013,"Singaporean Hokkien Fried Mee"
11013,"Rogede sild"
11013,"Scottish Longbreads"
11014,"Jack's New England Clam Chowder"
11015,"Nord-Ost Matjeshering"
11015,"Original Frankfurter grüne Soße"
11016,"Gorgonzola Telino"
11016,"Inlagd Sill"
11017,"Aniseed Syrup"
11017,"Raclette Courdavault"
11017,"Outback Lager"
11018,"Queso Manchego La Pastora"
11018,"Carnarvon Tigers"
11018,"Gnocchi di nonna Alice"
11019,"Spegesild"
11019,"Maxilaku"
11020,"Ikura"
11021,"Chang"
11021,"Sir Rodney's Marmalade"
11021,"Gumbär Gummibärchen"
11021,"Manjimup Dried Apples"
11021,"Mozzarella di Giovanni"
11022,"Teatime Chocolate Biscuits"
11022,"Gudbrandsdalsost"
11023,"Uncle Bob's Organic Dried Pears"
11023,"Ipoh Coffee"
11024,"Gumbär Gummibärchen"
11024,"Geitost"
11024,"Louisiana Fiery Hot Pepper Sauce"
11024,"Flotemysost"
11025,"Chai"
11025,"Konbu"
11026,"Carnarvon Tigers"
11026,"Manjimup Dried Apples"
11027,"Guaraná Fantástica"
11027,"Tarte au sucre"
11028,"Pâté chinois"
11028,"Raclette Courdavault"
11029,"Gnocchi di nonna Alice"
11029,"Vegie-spread"
11030,"Chang"
11030,"Chef Anton's Gumbo Mix"
11030,"Thüringer Rostbratwurst"
11030,"Raclette Courdavault"
11031,"Chai"
11031,"Konbu"
11031,"Guaraná Fantástica"
11031,"Wimmers gute Semmelknödel"
11031,"Flotemysost"
11032,"Inlagd Sill"
11032,"Côte de Blaye"
11032,"Raclette Courdavault"
11033,"Perth Pasties"
11033,"Gudbrandsdalsost"
11034,"Sir Rodney's Scones"
11034,"Gula Malacca"
11034,"Sirop d'érable"
11035,"Chai"
11035,"Steeleye Stout"
11035,"Singaporean Hokkien Fried Mee"
11035,"Tourtière"
11036,"Konbu"
11036,"Raclette Courdavault"
11037,"Outback Lager"
11038,"Boston Crab Meat"
11038,"Filo Mix"
11038,"Flotemysost"
11039,"Rössle Sauerkraut"
11039,"Steeleye Stout"
11039,"Maxilaku"
11039,"Ravioli Angelo"
11040,"Sir Rodney's Scones"
11041,"Chang"
11041,"Vegie-spread"
11042,"Gula Malacca"
11042,"Sirop d'érable"
11043,"Queso Cabrales"
11044,"Tarte au sucre"
11045,"Geitost"
11045,"Manjimup Dried Apples"
11046,"Queso Manchego La Pastora"
11046,"Mascarpone Fabioli"
11046,"Steeleye Stout"
11047,"Chai"
11047,"Chef Anton's Gumbo Mix"
11048,"Scottish Longbreads"
11049,"Chang"
11049,"Queso Manchego La Pastora"
11050,"Lakkalikööri"
11051,"Guaraná Fantástica"
11052,"Ipoh Coffee"
11052,"Sirop d'érable"
11053,"Carnarvon Tigers"
11053,"Mascarpone Fabioli"
11053,"Wimmers gute Semmelknödel"
11054,"Geitost"
11054,"Laughing Lumberjack Lager"
11055,"Guaraná Fantástica"
11055,"NuNuCa Nuß-Nougat-Creme"
11055,"Manjimup Dried Apples"
11055,"Ravioli Angelo"
11056,"Uncle Bob's Organic Dried Pears"
11056,"Pâté chinois"
11056,"Camembert Pierrot"
11057,"Outback Lager"
11058,"Sir Rodney's Scones"
11058,"Camembert Pierrot"
11058,"Sirop d'érable"
11059,"Konbu"
11059,"Alice Mutton"
11059,"Camembert Pierrot"
11060,"Camembert Pierrot"
11060,"Original Frankfurter grüne Soße"
11061,"Camembert Pierrot"
11062,"Perth Pasties"
11062,"Outback Lager"
11063,"Sasquatch Ale"
11063,"Boston Crab Meat"
11063,"Jack's New England Clam Chowder"
11064,"Alice Mutton"
11064,"Jack's New England Clam Chowder"
11064,"Perth Pasties"
11064,"Pâté chinois"
11064,"Scottish Longbreads"
11065,"Nord-Ost Matjeshering"
11065,"Tourtière"
11066,"Pavlova"
11066,"Teatime Chocolate Biscuits"
11066,"Sasquatch Ale"
11067,"Jack's New England Clam Chowder"
11068,"Rössle Sauerkraut"
11068,"Ipoh Coffee"
11068,"Original Frankfurter grüne Soße"
11069,"Chartreuse verte"
11070,"Chai"
11070,"Chang"
11070,"Pavlova"
11070,"Gorgonzola Telino"
11071,"Uncle Bob's Organic Dried Pears"
11071,"Konbu"
11072,"Chang"
11072,"Jack's New England Clam Chowder"
11072,"Valkoinen suklaa"
11072,"Wimmers gute Semmelknödel"
11073,"Queso Cabrales"
11073,"Guaraná Fantástica"
11074,"Pavlova"
11075,"Chang"
11075,"Spegesild"
11075,"Lakkalikööri"
11076,"Grandma's Boysenberry Spread"
11076,"Tofu"
11076,"Teatime Chocolate Biscuits"
11077,"Chang"
11077,"Aniseed Syrup"
11077,"Chef Anton's Cajun Seasoning"
11077,"Grandma's Boysenberry Spread"
11077,"Uncle Bob's Organic Dried Pears"
11077,"Northwoods Cranberry Sauce"
11077,"Ikura"
11077,"Queso Manchego La Pastora"
11077,"Konbu"
11077,"Tofu"
11077,"Pavlova"
11077,"Sir Rodney's Marmalade"
11077,"Tunnbröd"
11077,"Mascarpone Fabioli"
11077,"Chartreuse verte"
11077,"Jack's New England Clam Chowder"
11077,"Spegesild"
11077,"Filo Mix"
11077,"Pâté chinois"
11077,"Camembert Pierrot"
11077,"Wimmers gute Semmelknödel"
11077,"Louisiana Hot Spiced Okra"
11077,"Röd Kaviar"
11077,"Rhönbräu Klosterbier"
11077,"Original Frankfurter grüne Soße"
